{
    "labels": [
        1,
        2,
        3,
        4,
        5,
        6,
        7
    ],
    "pos": [
        0.9426707029342651,
        0.3031083643436432,
        0.9987144470214844,
        0.40018728375434875,
        0.9426707029342651,
        0.3031083643436432,
        0.9987144470214844,
        0.40018728375434875
    ],
    "neg": [
        0.4474236071109772,
        0.2130422592163086,
        0.14230847358703613,
        0.2115257829427719,
        0.4474236071109772,
        0.2130422592163086,
        0.14230847358703613,
        0.2115257829427719
    ],
    "neut": [
        0.12007278203964233,
        0.9237750172615051,
        0.021252892911434174,
        0.8840528130531311,
        0.12007278203964233,
        0.9237750172615051,
        0.021252892911434174,
        0.8840528130531311
    ]
}